product_name,price
ASOS DESIGN chelsea boots in black leather,€55.99
Clarks Originals Desert coal boots in black suede,€182.99
ASOS DESIGN wellington boot with scuba detail in yellow,€34.99
Dr Martens 1460 pascal 8 eye boots in black ambassador,€205.99
ASOS DESIGN chelsea boots in black leather with chunky sole,€82.99
ASOS DESIGN cuban heel western chelsea boots in stone faux suede with zips,€41.99
ASOS DESIGN lace up boots in brown faux suede on chunky sole,€41.48
Dr Martens 1460 8-eye boots in brown,€217.99
Barbour Nimbus wellington chelsea boots in black,€82.99
ASOS DESIGN cuban heeled chelsea boot in white leather with metal toe detail,€88.13
Public Desire Man dallas chunky buckle boot in black,€51.99
ASOS DESIGN chunky sole calf chelsea boot in black faux leather,€67.05
Timberland 6 inch Premium boots in black,€261.99
Public Desire Man beckett chunky lace up toe cap boots in black,€33.18
Barbour Bede wellington boots in black,€95.99
ASOS DESIGN lace up boots in black faux suede with lime green chunky sole,€49.77
Public Desire Man lincoln chain rain boots in black,€37.33
Timberland Euro Sprint Hiker boots in wheat tan/black,€179.99
Timberland 6 inch premium rubber toe WP boots in black,€207.38
ASOS DESIGN chunky sole calf chelsea boot in orange faux leather with contrast sole,€62.90
ASOS DESIGN super chunky sole Chelsea boot with rubber toe cap in green faux leather,€76.31
Ugg neumel sheepskin chelsea boots in black,€189.99
ASOS DESIGN chelsea calf boots in stone faux suede with transluscent chunky sole,€53.92
Public Desire Man ajax toe cap rain boots in black,€40.44
Timberland Newmarket II Quilted boots in wheat tan/black ,€140.32
koi vegan topia harness chelsea boots in black,€67.40
Dr Martens 2976 Hi Chelsea Boots in Black Smooth,€246.99
New Look desert boots in tan,€24.89
Tommy Hilfiger chunky leather boots in brown,€176.96
Selected Homme lace up boot with chunky sole in matt black,€96.22
Public Desire Man hendrix high shaft chelsea boots in khaki black ,€33.18
Timberland 6 inch premium rubber toe WP boots in orange,€186.64
River Island chunky suede boot in black,€76.31
Selected Homme suede chelsea boots with chunky sole in brown,€112.26
PS Paul Smith Gerald leather boots in dark brown,€254.38
Timberland 6 inch premium boots in brown,€261.99
ASOS DESIGN padded boot with strap detail in grey nylon with contrast sole,€66.36
Walk London sean low hiker boots in black leather,€65.53
New Look hiker boots in black,€41.61
Selected Homme nubuk chelsea boots with chunky sole in black,€105.07
Office binley lace up boots in beige ,€44.93
ASOS DESIGN cuban heeled chelsea boot in black leather with metal toe detail,€94.01
Schuh Dylan chelsea boots in black leather ,€65.32
ASOS DESIGN ankle length wellington boot in black with contrast sole,€33.18
Timberland Field Trekker Low boots in black,€145.99
ASOS DESIGN cuban heel western chelsea boots in stone faux suede with angular sole and metal toe cap,€48.39
Bershka chunky lace up boots with buckles in black,€69.68
River Island chunky suede boot in stone,€66.77
Bershka chunky chelsea boot in white,€81.99
New Look desert boot in black,€24.61
ASOS DESIGN Vegan lace up boot in black faux leather with raised chunky sole,€43.55
Timberland X Raeburn GS Edge 6 inch boots in dark grey,€149.31
Dr Martens 2976 Bex Chelsea Boots in Black Smooth,€246.99
ASOS DESIGN high chelsea calf boots in black leather on a chunky sole,€58.76
ASOS DESIGN chelsea calf boots in grey faux leather,€48.39
ASOS DESIGN leather desert boots with suede detail in brown,€38.71
Dr Martens 101 6 eye boots black smooth,€201.99
ASOS DESIGN lace up boots in grey faux suede on chunky sole with metal toe cap,€58.07
Tommy Hilfiger signature suede boots in brown,€203.99
ASOS DESIGN heeled chelsea boots in black leather with zip detail on black platform sole,€66.36
ASOS DESIGN lace up boot in stone faux leather with padded cuff detail,€46.45
ASOS DESIGN lace up boot in black faux suede with padded cuff detail,€46.45
Selected Homme leather chelsea boots in black,€110.60
H by Hudson handle hiker boots in brown waxy leather,€69.82
Jack & Jones suede chelsea boot in black,€71.61
New Look brogues in dark brown ,€23.23
Pull&Bear lace up boots in black,€51.29
Clarks Originals desert rock in oakmoss suede,€109.49
Base London republic lace up toe cap boots in brown suede,€116.99
Base London kruger lace up boots in black leather,€69.82
Base London monte lace up boots in pebble brown leather,€99.54
Nike Air Max Goadome SE boots in black,€154.77
Dr Martens tarik boots in gaucho brown leather,€164.99
ASOS DESIGN zip front boot on triple stacked chunky sole in stone faux leather,€76.31
ASOS DESIGN chelsea calf boots on chunky sole in stone faux leather with padded detail,€75.21
ASOS DESIGN zip front boot on triple stacked chunky sole in grey faux leather,€57.24
H by Hudson troy lace up boots in tan waxed leather,€76.45
ASOS DESIGN chelsea calf boots on chunky sole in black faux leather,€65.81
Barbour Victory leather chukka boots in tan,€157.05
Base London seymour chelsea boots in tan leather,€87.37
Base London forge lace up boot in waxy black leather,€92.90
Walk London wolf lace up boots in black leather,€65.53
Pull&Bear chunky chelsea boots in brown,€87.99
Bershka chunky Chelsea boot with translucent sole in black,€65.25
Barbour Readhead lace up leather boots in tan,€182.99
River Island chelsea boot in black,€56.13
Timberland Heritage WP camo boots in black ,€248.99
Jack & Jones laceup tall boots with borg lining in brown leather,€116.99
River Island distressed buckle boot in brown,€88.48
Jack & Jones leather military lace up boot in brown,€78.80
ASOS DESIGN heeled chelsea boot with extreme square toe and round heel in black leather,€82.95
Selected Homme chunky contrast sole boots with yellow lace in tan,€132.72
Timberland Solar Wave Mid boots in wheat tan,€151.73
Timberland Newmarket II boat chukka boots in dark brown,€145.99
Timberland Newmarket II Rugged tall boots in brown,€157.74
Timberland Sprint Trekker Mid Fab boots in black mesh,€99.54
Timberland Euro Hiker F/L WP boots in wheat tan/purple,€186.99
Barbour International Carb leather derby boots in black,€196.99
Barbour Readhead suede chukka boots in olive,€127.74
ASOS DESIGN heeled chelsea boots in black leather,€93.32
Polo Ralph Lauren talan leather chelsea boot in black,€203.99
ASOS DESIGN chelsea boots in khaki faux leather with front zip and chunky sole,€76.31
ASOS DESIGN lace up boots in black leather with chunky sole,€69.68
Walk London james camo sole lace up boots in brown leather,€103.99
Palladium pampa hi recraft boots in black,€74.66
adidas Originals Superstar boots in black,€128.30
The North Face Chilkat boots in black,€152.99
Selected Homme suede chelsea boots in brown,€131.99
New Look suede chelsea boots in dark brown ,€35.39
Jack & Jones low height chelsea boot in smooth leather black,€81.84
ASOS DESIGN chunky zip front boot with contrat stitching in black faux leather,€52.26
Timberland Euro Sprint Hiker boots in dark brown,€142.05
All Saints Mak high lace up boots in black leather,€132.72
Timberland Field Trekker Low boots in wheat tan,€145.99
Bershka chunky lace up boots with platform in black,€96.99
Jack & Jones laceup tall boot in brown leather,€102.99
ASOS DESIGN lace up boot in blue faux suede with strap detail on chunky sole,€49.77
Barbour Farsley leather chelsea boots in mahogany,€127.74
ASOS DESIGN cuban heel western chelsea boots in black patent faux leather with metal hardware,€48.39
Clarks Originals desert rock in sand suede,€109.49
ASOS DESIGN chelsea calf boots in black faux leather,€64.15
Timberland Sprint Trekker Mid boots in wheat tan,€96.43
ASOS DESIGN cuban heel western chelsea boots in black leather with buckle detail,€41.48
Clarks Originals Desert Rock in Black Suede,€145.99
Fred Perry hawley suede desert boot in black,€138.99
New Look smart lace up boots in brown,€55.99
Office boss chunky chelsea boots in brown leather ,€82.99
ASOS DESIGN chelsea calf boots in black faux leather,€56.13
Topman faux suede chelsea boots in tan,€33.87
ASOS DESIGN heeled black leather chelsea boot with angled heel,€77.42
Timberland 6 inch premium boots in black,€209.10
ASOS DESIGN cuban heel western chelsea boots in black faux suede with buckle detail ,€38.71
ASOS DESIGN chukka boots in black faux suede,€20.74
ASOS DESIGN chelsea boots in brown faux suede,€30.97
ASOS DESIGN chelsea boots in brown suede with black sole,€55.99
Dr Martens 1460 8 eye boots in black brown abruzzo,€217.99
Barbour Bede wellington boots in navy,€95.99
ASOS DESIGN Wide Fit brogue boots in brown leather with black sole,€55.30
The North Face Back To Berkeley III Sport boots in Teal,€150.00
Base London garrison chelsea boots in brown leather,€109.99
Hunter Originals play wellington boots in exploded white print,€87.37
UGG neumel utility boots in black,€203.99
River Island hiker boot in black,€53.23
River Island gusset chelsea boots in stone,€66.99
Barbour Readhead lace up leather boots in black,€172.99
Timberland 6 inch premium rubber toe WP boots in orange ,€248.99
Jack & Jones suede chelsea boot in beige,€60.97
Timberland Sprint Trekker Mid boots in rust,€112.26
Barbour Farsley leather chelsea boots in tan,€182.99
Dr Martens vegan jadon platform boots in black,€259.99
Walk London premium shark hiker boots in tan suede,€34.84
Asra Crypress hiker boots in black suede,€31.11
KOI vegan chunky heeled ankle boots in black,€71.89
Jack & Jones leather lace up boot with contrast sole in black,€68.43
ASOS DESIGN chelsea calf boots in black faux leather with croc effect,€60.83
Walk London sean heritage boots in brown waxy leather,€45.62
Hunter original play short wellington boots in black,€131.99
Dr Martens 1490 10-eye boots in black,€230.99
ASOS DESIGN brogue boots in brown leather with black sole,€55.30
ASOS DESIGN Heeled chelsea boot in white patent faux leather with contrast sole,€88.48
Selected Homme lace up boots with chunky sole in nubuck,€105.07
ASOS DESIGN chunky heeled square toe zip front chelsea boot in black patent leather,€70.51
Buffalo vegan aspha chunky boots in black,€93.32
ASOS DESIGN heeled chelsea boots in white patent leather with black sole,€99.54
HUGO Bustler hiking boots in black,€192.58
ASOS DESIGN heeled chelsea boots with pointed toe in faux snake,€69.99
ASOS DESIGN Wide Fit lace up boot in reflective faux leather with chunky sole,€45.62
ASOS DESIGN cuban heel western chelsea boots in black leather with metal hardware,€60.83
Walk London james camo sole chelsea boots in brown leather,€103.99
H by Hudson handle hiker boots in black waxy leather,€87.10
Ugg classic mini with removable waterproof sole black,€183.18
Ugg classic mini sheepskin boots in grey,€211.99
Buffalo vegan chunky knee high boots in black,€116.13
ASOS DESIGN Wide Fit cuban heel western chelsea boots in black faux suede with metal toe cap,€51.84
Jack & Jones lace up tall boots in black leather,€102.99
Public Desire Man conan toe cap zip chelsea boots in black ,€55.99
ASOS DESIGN lace up boots in black leather with borg lining,€55.30
Selected Homme hiker boots with teddy lining in black,€91.94
Office binley lace up boots in khaki ,€53.92
ASOS DESIGN heeled chelsea boot with extreme square toe and round heel in silver leather,€110.99
Schuh cooper nylon lace up boots in black,€53.09
H by Hudson battle boots in black pebble leather,€87.37
Base London colter lace up boots in brown leather,€76.45
Base London tommy toe cap boots in brown leather,€65.53
ASOS DESIGN lace up calf boot on triple stacked sole with contrast stitching detail in black faux leather,€56.41
ASOS DESIGN chelsea calf boots in black faux leather with translucent chunky sole,€66.77
KOI vegan chunky lace up boots with clear sole in black,€81.29
Barbour Seaham leather derby boots with side zip in black,€137.42
Dr Martens 1460 mono 8-eye boots in black,€217.99
Selected Homme nubuk chelsea boots with chunky sole in grey,€131.99
Timberland Euro Sprint Hiker boots in black grain,€94.70
ASOS DESIGN puffer chelsea boot on chunky sole with lace detail in brown nylon,€66.36
ASOS DESIGN lace up boot in camo print faux leather,€58.07
ASOS DESIGN chelsea boots in tan faux suede,€35.39
Walk London james camo sole lace up boots in black leather,€65.53
River Island lace up boot in black,€76.31
River Island boots in grey,€53.23
ASOS DESIGN high chelsea calf boots on stacked sole in black high shine leather,€77.42
ASOS DESIGN high lace up calf boots in black faux leather on chunky sole with pocket detail,€58.07
Selected Homme suede chelsea boots in black,€131.99
Barbour International Crank leather chelsea boots ,€182.99
Polo Ralph Lauren suede talan chelsea boot with pony logo tab in black,€179.99
ASOS DESIGN heeled chelsea boots with pointed toe in red patent leather,€80.99
Public Desire Man kash lace up buckle hiker boots in white,€55.99
Dr Martens Combs Tech 8 Eye Boots in Black,€158.99
Asra billie chunky lace up boots in black leather,€51.15
Dr Martens 2976 chelsea boots in brown,€217.99
Asra clematis chunky chelsea boots in black leather,€89.99
Pull&Bear lace up boots in black,€51.29
River Island gusset chelsea boots in brown,€62.99
Pull&Bear chelsea boots in black,€58.62
ASOS DESIGN chelsea boots in black suede with black sole,€55.99
ASOS DESIGN chukka boots in black faux suede,€38.99
schuh dean high shaft chelsea boot in black,€44.93
schuh daley wedge lace up boots in black,€44.93
Dr Martens 1460 8 eye pascal bex boots in black,€246.99
Schuh dom chelsea boots in black leather,€63.87
Walk London premium hiker boots in brown leather,€124.99
H by Hudson gamma hiker boots in black leather,€77.42
The North Face Back To Berkeley III sport boots in Teal,€157.74
ASOS DESIGN chelsea calf boots in off white faux leather,€56.13
ASOS DESIGN chelsea boots in black leather with chunky sole,€66.36
Timberland Vibram Lux 6 inch WP boots in black,€228.11
Palladium pampa mono metro boots in beige,€96.99
KOI vegan palantir chunky lace up boots in black,€91.94
KOI vegan chunky buckle up boots in black,€139.36
ASOS DESIGN chelsea square toe boots in black high shine leather,€62.90
ASOS DESIGN Heeled chelsea boot in pink patent faux leather with contrast sole,€77.42
Jack & Jones short trucker boots in black faux leather,€58.07
Dr Martens church boots black smooth,€192.99
Selected Homme chunky contrast sole boots with in black suede,€87.10
ASOS DESIGN cuban chelsea boot in blue patent faux leather with silver chain,€55.30
Dr Martens 1460 8 Eye Boots in Brown Black Abruzzo,€217.99
ASOS DESIGN lace up calf boots in black faux leather on chunky sole,€53.92
ASOS DESIGN black leather calf boot with chunky sole,€77.42
Office boss chunky chelsea boots in black leather ,€58.07
Palladium pampa mono metro boots in black,€62.90
ASOS DESIGN cuban heel western chelsea boot in grey faux suede with square toe with metal cap,€55.30
River Island smart ankle strap chelsea boots in black,€57.03
ASOS DESIGN heeled chelsea boots in black leather platform sole,€91.94
Timberland Heritage WP camo boots in black,€170.05
Dr Martens 1460 8 Eye Boots In Green Smooth,€217.99
ASOS DESIGN chelsea calf boots on chunky sole in black faux leather with padded detail,€75.21
"Timberland 6"" Premium boots in dark beige ",€199.08
New Look lace up boots in black,€42.03
Pull&Bear rubberised chelsea boot in cream,€87.99
Jack & Jones pull tap chelsea boots in black,€77.42
Buffalo vegan aspha chunky boots in white,€124.99
ASOS DESIGN cuban chelsea boot in bright green patent faux leather,€44.24
Buffalo vegan aspha chunky boots in beige,€124.99
Schuh calleb hiker boots in black suedette,€46.45
ASOS DESIGN wellington boot with scuba detail in purple,€27.10
H by Hudson chelsea boots in black leather,€92.97
Columbia Newton Ridge waterproof boots in black,€96.78
Palladium pampa mono metro boots in olive,€96.99
New Look smart lace up boots in black,€55.99
ASOS DESIGN heeled chelsea boot in ribbed black knit,€69.99
ASOS DESIGN heeled chelsea boot in leopard print faux pony hair,€69.99
ASOS DESIGN lace up boot in brown faux leather with padded cuff detail,€31.11
ASOS DESIGN heeled chelsea boot in silver glitter,€62.99
Public Desire Man chunky lace up boots in black,€55.99
ASOS DESIGN chelsea boots in black faux suede,€44.99
ASOS DESIGN desert boots in black suede,€49.99
UGG neumel chukka boots in black,€189.99
Burton Moto snow boots in black,€248.99
Public Desire Man Ajax toe cap rain boots in beige ,€40.44
Walk London Russel chain cuban boots in beige suede,€96.99
Walk London sean lace up boots 2.0 in black leather,€87.37
Bershka chunky chelsea boot with buckle in black,€51.29
River Island chunky worker boot in black,€81.91
Clarks Originals x Sweet Chick wallabee boots in beige suede,€176.96
Jack & Jones leather lace up boot with contrast sole in black,€91.94
Public Desire Man crane chunky chelsea boots in khaki,€44.24
Selected Homme hiker boots with teddy lining in tan,€87.10
ASOS DESIGN calf length chelsea boot in black faux leather with matte finish,€58.07
ASOS DESIGN lace up boots in lilac faux suede with chunky sole,€66.36
Schuh calleb hiker boots in grey suedette,€53.09
Base London colter lace up boots in black leather,€87.37
UGG neumel sheepskin chelsea boots in tan,€189.99
ASOS DESIGN lace up boot in reflective faux leather with chunky sole,€45.62
Dr Martens combs tech 8 eye boots in black gunmetal,€172.99
ASOS DESIGN lace up boots in khaki canvas on chunky sole,€64.15
Dr Martens 2976 vegan chelsea boots in black,€217.99
Nike Manoa Leather boots in tan,€124.99
Schuh darnel chunky high chelsea boots in black,€43.96
Public Desire Man crane chunky chelsea boots in black ,€44.24
ASOS DESIGN super chunky square toe chelsea boot in white faux leather with contrast sole,€64.15
ASOS DESIGN hiker style lace up boot with chunky sole in brown faux leather,€41.48
Schuh damon chunky chelsea boots in black,€46.45
Pull&Bear chunky chelsea boots in ecru,€87.99
Hunter original chelsea boots in black,€153.99
River Island lace up boot in brown,€62.90
Public Desire man kash lace up buckle hiker boots in cream,€55.99
Hunter original short wellington boots in black,€167.99
Timberland Euro Sprint Hiker boots in wheat tan,€143.78
New Look chunky chelsea boot in black,€55.99
Schuh banks chelsea boots in black ,€49.77
ASOS DESIGN lace up boot in coral faux suede with strap detail on chunky sole,€57.03
Clarks Originals x Sweet Chick wallabee boots in brown suede,€154.84
Office binley lace up boots in black ,€44.93
Clarks Originals wallabee boots in black suede,€196.99
ASOS DESIGN wellington boot in orange,€20.74
Public Desire Man bruno chunky lace up boots in black waxy,€55.99
Dr Martens coombs ii boots in black,€143.99
ASOS DESIGN heeled chelsea boot with angled toe,€124.99
New Look faux leather chelsea boots in brown,€26.96
ASOS DESIGN heeled chelsea boots with pointed toe in zebra print,€44.93
Public Desire Man kash lace up buckle hiker boots in black ,€55.99
River Island chunky boots in brown,€89.99
ASOS DESIGN lace up boot in brown faux leather,€55.99
ASOS DESIGN chukka boots in brown faux suede,€41.99
Bershka chunky chelsea boot in black,€47.70
ASOS DESIGN desert boots in stone suede,€47.99
ASOS DESIGN desert boots in brown suede,€47.99
ASOS DESIGN chelsea boots in grey suede with black sole,€55.99
ASOS DESIGN lace up boots in stone faux suede with stone sole,€49.77
ASOS DESIGN chelsea boots in black faux leather with black sole,€40.92
Ugg neumel sheepskin boots in tan,€189.99
The North Face Nuptse II bootie in black,€129.61
Ugg neumel cozy sheepskin boots in beige,€211.99
UGG neumel chukka boots in tan,€189.99
ASOS DESIGN calf boot with zip detail in charcoal faux leather,€94.99
River Island tall chelsea boots in black,€62.90
Walk London james camo sole chelsea boots in black leather,€103.99
Asra Cactus square toe chelsea boots in black leather,€66.36
Public Desire Man lincoln chain rain boots in khaki ,€40.44
Timberland 6 inch premium rubber cup camo boots in black,€248.99
Clarks Originals desert coal boots in green camo,€179.99
Asra billie chunky lace up boots in brown leather,€48.39
Ugg neumel sheepskin boots in black,€189.99
Dr Martens 1460 flames 8 eye boots in black flame polished smooth,€219.99
Dr Martens 1460 bex stud 8 eye boots in black,€259.99
Dr Martens vegan jadon mono in black,€259.99
Dr Martens vegan 1460 8-eye boots in black,€217.99
ASOS DESIGN chunky sole lace up boot with contrast stitch in taupe faux leather,€82.99
Timberland 6 inch premium d rings boots in black,€199.08
Dr Martens Vegan Jadon Mono 8 Eye Boots in Optical White Kemble,€247.99
The North Face Nuptse II boots in black,€200.99
ASOS DESIGN super chunky padded square toe chelsea boot with zip detail in grey nylon,€40.09
Asra Cactus square toe chelsea boots in brown suede,€77.42
Asra Laurel hiker boots in black leather,€55.30
ASOS DESIGN Heeled chelsea boot in lilac patent faux leather with contrast sole,€88.48
Hunter play short boots in black,€131.99
ASOS DESIGN wellington boot in glow in the dark neon green,€41.99
ASOS DESIGN zip front chelsea boot in brown faux leather with black chunky sole,€94.99
Dr Martens 101 6 eye bex boots in black,€230.99
ASOS DESIGN cuban heel western chelsea boots in orange faux leather with metal hardware,€44.24
Public Desire Man inno square toe chelsea boots in black ,€55.99
ASOS DESIGN super chunky square toe chelsea boot in black faux leather,€56.13
ASOS DESIGN chelsea boot with chunky sole in charcoal faux leather,€40.09
Schuh chunky desert boots in beige ,€76.99
Ugg classic mini sheepskin boots in black,€211.99
ASOS DESIGN cuban heel western chelsea boots in black faux leather with metal hardware,€58.99
ASOS DESIGN cuban heeled boot in white faux croc with chain detail,€69.99
Asra Brice chunky lace up boots in black leather,€51.84
Asra Laurel hiker boots in brown suede,€55.30
Timberland 6 inch premium d rings boots in wheat tan,€248.99
Schuh carson chunky lace up boots in black,€36.64
Dr Martens 2976 chelsea boots in all black,€217.99
Selected Homme chelsea boot in brown suede,€131.99
ASOS DESIGN wellington boot in purple,€26.96
Pull&Bear chunky chelsea boots in black,€66.36
Public Desire Man dallas chunky buckle boot in beige,€51.99
ASOS DESIGN calf length chelsea boot in brown faux snake with black sole,€38.02
Schuh Ben Lace Up Boots In Black ,€49.77
Barbour International Elford leather waterproof hiking boots in black,€172.99
ASOS DESIGN wellington boot in clear,€41.99
Palladium pampa x Smiley 1990 boots in white,€138.99
Palladium pallashock mid boots in dune grey,€117.99
Koi vegan shadow platform lace up boots in black,€53.92
ASOS DESIGN lace up boots in grey faux suede on chunky sole,€49.77
ASOS DESIGN chunky square toe lace up boot in black faux leather,€48.11
ASOS DESIGN wellington boot in black,€41.99
Asra Barley Chelsea boots in black leather,€62.21
Asra Banksia lace up square toe boots in black,€47.01
Dr Martens 1460 8 eye bex boots in black,€246.99
River Island lace up boots in brown,€62.90
Asra Clematis chunky chelsea boots in brown suede,€53.92
ASOS DESIGN lace up boots in brown leather with chunky sole,€87.99
Dr Martens jadon 8 eye boots in black pisa,€247.99
Public Desire Man hendrix high shaft chelsea boots in black ,€35.95
Barbour Yuma desert lace up nubuck boots in dark brown,€150.99
ASOS DESIGN chelsea boot in black leather with angled sole,€77.42
Bershka chunky chelsea boot in cream,€73.99
River Island hiker boot with moulded sole in black,€79.99
ASOS DESIGN heeled chelsea boots in red patent leather with black sole,€80.88
Palladium Pallashock mid boots in Desert beige ,€117.99
Timberland 6 inch premium rubber cup boots in wheat tan,€199.08
ASOS DESIGN heeled Chelsea sock boots with pointed toe in silver,€69.99
ASOS DESIGN chelsea calf boots in white faux leather with black sole,€48.39
Clarks Originals wallabee boots in maple suede,€179.99
ASOS DESIGN wellington boot with scuba detail in orange and black,€25.23
ASOS DESIGN chelsea boots in stone suede with natural sole,€55.99
Clarks Originals desert coal boots in light tan suede,€165.99
ASOS DESIGN lace up boot in black faux leather with raised chunky sole,€69.99
Dr Martens jadon 8-eye platform boots in black,€259.99
Selected Homme leather chelsea boots in black,€160.99
Barbour Farsley leather chelsea boots in black,€182.99
ASOS DESIGN wellington boot with scuba detail in dark stone,€38.99
Jack & Jones faux leather lace up boot in black,€60.83
ASOS DESIGN desert boots in stone suede with leather detail,€44.24
ASOS DESIGN ankle length wellington boot in black with green contrast sole,€38.99
New look faux leather desert boots in black,€26.54
Dr Martens 2976 YS chelsea boots in black smooth,€205.99
ASOS Unrvlld Spply lace up boots in black patent faux leather with tape detail,€37.33
New Look lace up boots in dark brown,€36.98
ASOS DESIGN lace up boot in black faux nubuck with chunky sole,€48.11
Pull&Bear desert boots in beige,€41.99
ASOS DESIGN chukka boots in grey faux suede,€31.11
Schuh chunky desert boots in black ,€76.99
ASOS DESIGN heeled chelsea boots with pointed toe in black leather,€77.42
ASOS DESIGN lace up boot in black faux suede with padded cuff detail,€52.99
Barbour Bede wellington boots in olive,€95.99
ASOS DESIGN heeled chelsea boots with pointed toe in black leather with black sole,€96.99
ASOS DESIGN lace up boots in black leather with chunky sole,€87.99
ASOS DESIGN wellington boot with scuba detail in black,€38.99
ASOS DESIGN chelsea boots in stone suede with natural sole,€35.95
Timberland 6 inch premium boots in tan,€261.99
Dr Martens 1460 8-eye boots in black,€217.99
ASOS DESIGN lace up boots in black faux leather with chunky sole,€87.99
ASOS DESIGN chelsea boot in tan suede,€55.99
ASOS DESIGN desert boots in tan suede,€49.99
ASOS DESIGN desert boots in black suede with leather detail,€55.99
ASOS DESIGN chelsea boots in brown faux suede,€35.60
ASOS DESIGN chelsea boots in tan faux suede,€44.99
ASOS DESIGN cuban heel western Vegan chelsea boots in black faux leather,€51.99
ASOS DESIGN lace up boot in black faux leather with raised chunky sole,€51.84
ASOS DESIGN desert boots in tan leather with suede detail,€55.99
ASOS DESIGN Vegan lace up boots in brown faux leather,€35.60
New Look brogues in black,€26.96
ASOS DESIGN chelsea boots in brown faux leather with black sole,€30.97
ASOS DESIGN cuban heel western chelsea boots in black faux leather with metal hardware,€46.66
ASOS DESIGN chelsea boots in brown leather,€55.99
ASOS DESIGN chelsea boots in grey faux suede,€41.99
ASOS DESIGN chelsea boots in black faux leather with zips,€44.99
